id;firstname;lastname;email;email2;profession
100;Ida;Adrienne;Ida.Adrienne@yopmail.com;Ida.Adrienne@gmail.com;worker
101;Minda;Adlare;Minda.Adlare@yopmail.com;Minda.Adlare@gmail.com;police officer
102;Bertine;Baudin;Bertine.Baudin@yopmail.com;Bertine.Baudin@gmail.com;doctor
103;Binny;Cosenza;Binny.Cosenza@yopmail.com;Binny.Cosenza@gmail.com;developer
104;Atlanta;Alejoa;Atlanta.Alejoa@yopmail.com;Atlanta.Alejoa@gmail.com;police officer
105;Verla;Hortensia;Verla.Hortensia@yopmail.com;Verla.Hortensia@gmail.com;developer
106;Felice;Chem;Felice.Chem@yopmail.com;Felice.Chem@gmail.com;doctor
107;Glenda;Larochelle;Glenda.Larochelle@yopmail.com;Glenda.Larochelle@gmail.com;developer
108;Kirbee;Dudley;Kirbee.Dudley@yopmail.com;Kirbee.Dudley@gmail.com;worker
109;Jsandye;Sikorski;Jsandye.Sikorski@yopmail.com;Jsandye.Sikorski@gmail.com;worker
110;Annaliese;Regan;Annaliese.Regan@yopmail.com;Annaliese.Regan@gmail.com;doctor
111;Orsola;Ranjiv;Orsola.Ranjiv@yopmail.com;Orsola.Ranjiv@gmail.com;worker
112;Cindelyn;Palocz;Cindelyn.Palocz@yopmail.com;Cindelyn.Palocz@gmail.com;firefighter
113;Maisey;Ball;Maisey.Ball@yopmail.com;Maisey.Ball@gmail.com;worker
114;Alyssa;Eckblad;Alyssa.Eckblad@yopmail.com;Alyssa.Eckblad@gmail.com;police officer
115;Agathe;Raseda;Agathe.Raseda@yopmail.com;Agathe.Raseda@gmail.com;firefighter
116;Evita;Vins;Evita.Vins@yopmail.com;Evita.Vins@gmail.com;doctor
117;Emilia;Jena;Emilia.Jena@yopmail.com;Emilia.Jena@gmail.com;doctor
118;Sidoney;Dudley;Sidoney.Dudley@yopmail.com;Sidoney.Dudley@gmail.com;worker
119;Alexine;Madelene;Alexine.Madelene@yopmail.com;Alexine.Madelene@gmail.com;firefighter
120;Sean;Carey;Sean.Carey@yopmail.com;Sean.Carey@gmail.com;doctor
121;Evaleen;Etom;Evaleen.Etom@yopmail.com;Evaleen.Etom@gmail.com;doctor
122;Emma;Gabrielli;Emma.Gabrielli@yopmail.com;Emma.Gabrielli@gmail.com;firefighter
123;Allis;Goode;Allis.Goode@yopmail.com;Allis.Goode@gmail.com;police officer
124;Violet;Schenck;Violet.Schenck@yopmail.com;Violet.Schenck@gmail.com;doctor
125;Joelly;Baptlsta;Joelly.Baptlsta@yopmail.com;Joelly.Baptlsta@gmail.com;police officer
126;Gloria;Chandler;Gloria.Chandler@yopmail.com;Gloria.Chandler@gmail.com;police officer
127;Brianna;Denis;Brianna.Denis@yopmail.com;Brianna.Denis@gmail.com;police officer
128;Christy;Elbertina;Christy.Elbertina@yopmail.com;Christy.Elbertina@gmail.com;police officer
129;Teriann;Raimondo;Teriann.Raimondo@yopmail.com;Teriann.Raimondo@gmail.com;doctor
130;Ezmeralda;Pierette;Ezmeralda.Pierette@yopmail.com;Ezmeralda.Pierette@gmail.com;firefighter
131;Correy;Pulsifer;Correy.Pulsifer@yopmail.com;Correy.Pulsifer@gmail.com;developer
132;Roxane;Olympium;Roxane.Olympium@yopmail.com;Roxane.Olympium@gmail.com;firefighter
133;Brietta;Hull;Brietta.Hull@yopmail.com;Brietta.Hull@gmail.com;developer
134;Shaylyn;Darbie;Shaylyn.Darbie@yopmail.com;Shaylyn.Darbie@gmail.com;firefighter
135;Henriette;Kronfeld;Henriette.Kronfeld@yopmail.com;Henriette.Kronfeld@gmail.com;doctor
136;Constance;Connelly;Constance.Connelly@yopmail.com;Constance.Connelly@gmail.com;worker
137;Florencia;Maribeth;Florencia.Maribeth@yopmail.com;Florencia.Maribeth@gmail.com;firefighter
138;Valera;Wiener;Valera.Wiener@yopmail.com;Valera.Wiener@gmail.com;firefighter
139;Candy;Loeb;Candy.Loeb@yopmail.com;Candy.Loeb@gmail.com;firefighter
140;Tera;Newell;Tera.Newell@yopmail.com;Tera.Newell@gmail.com;worker
141;Devina;Harl;Devina.Harl@yopmail.com;Devina.Harl@gmail.com;police officer
142;Tera;Larochelle;Tera.Larochelle@yopmail.com;Tera.Larochelle@gmail.com;firefighter
143;Chrystel;Gusella;Chrystel.Gusella@yopmail.com;Chrystel.Gusella@gmail.com;firefighter
144;Linzy;Alisia;Linzy.Alisia@yopmail.com;Linzy.Alisia@gmail.com;doctor
145;Ketti;Kazimir;Ketti.Kazimir@yopmail.com;Ketti.Kazimir@gmail.com;police officer
146;Brietta;Oster;Brietta.Oster@yopmail.com;Brietta.Oster@gmail.com;firefighter
147;Rosanne;Jerald;Rosanne.Jerald@yopmail.com;Rosanne.Jerald@gmail.com;police officer
148;Sibella;Merna;Sibella.Merna@yopmail.com;Sibella.Merna@gmail.com;doctor
149;Agnese;Othilia;Agnese.Othilia@yopmail.com;Agnese.Othilia@gmail.com;firefighter
150;Cassandra;Hoban;Cassandra.Hoban@yopmail.com;Cassandra.Hoban@gmail.com;firefighter
151;Millie;Revkah;Millie.Revkah@yopmail.com;Millie.Revkah@gmail.com;developer
152;Kenna;Leary;Kenna.Leary@yopmail.com;Kenna.Leary@gmail.com;firefighter
153;Annaliese;Thad;Annaliese.Thad@yopmail.com;Annaliese.Thad@gmail.com;worker
154;Lynnea;Deegan;Lynnea.Deegan@yopmail.com;Lynnea.Deegan@gmail.com;worker
155;Rosanne;Holbrook;Rosanne.Holbrook@yopmail.com;Rosanne.Holbrook@gmail.com;worker
156;Fanchon;Daegal;Fanchon.Daegal@yopmail.com;Fanchon.Daegal@gmail.com;firefighter
157;Sara-Ann;Miru;Sara-Ann.Miru@yopmail.com;Sara-Ann.Miru@gmail.com;doctor
158;Clary;Gino;Clary.Gino@yopmail.com;Clary.Gino@gmail.com;worker
159;June;Camden;June.Camden@yopmail.com;June.Camden@gmail.com;worker
160;Orsola;Irmine;Orsola.Irmine@yopmail.com;Orsola.Irmine@gmail.com;firefighter
161;Rochette;Chrystel;Rochette.Chrystel@yopmail.com;Rochette.Chrystel@gmail.com;worker
162;Jordan;Nisbet;Jordan.Nisbet@yopmail.com;Jordan.Nisbet@gmail.com;police officer
163;Wilma;Janith;Wilma.Janith@yopmail.com;Wilma.Janith@gmail.com;worker
164;Fayre;Old;Fayre.Old@yopmail.com;Fayre.Old@gmail.com;firefighter
165;Cherrita;Cottle;Cherrita.Cottle@yopmail.com;Cherrita.Cottle@gmail.com;worker
166;Marnia;Janene;Marnia.Janene@yopmail.com;Marnia.Janene@gmail.com;worker
167;Keelia;Cookie;Keelia.Cookie@yopmail.com;Keelia.Cookie@gmail.com;doctor
168;Zia;Ardeha;Zia.Ardeha@yopmail.com;Zia.Ardeha@gmail.com;police officer
169;Morganica;Rurik;Morganica.Rurik@yopmail.com;Morganica.Rurik@gmail.com;police officer
170;Catrina;Stanwood;Catrina.Stanwood@yopmail.com;Catrina.Stanwood@gmail.com;worker
171;Sarette;Brandice;Sarette.Brandice@yopmail.com;Sarette.Brandice@gmail.com;worker
172;Collen;McGrody;Collen.McGrody@yopmail.com;Collen.McGrody@gmail.com;firefighter
173;Madalyn;Greyson;Madalyn.Greyson@yopmail.com;Madalyn.Greyson@gmail.com;worker
174;Marline;Scammon;Marline.Scammon@yopmail.com;Marline.Scammon@gmail.com;police officer
175;Roxane;O'Carroll;Roxane.O'Carroll@yopmail.com;Roxane.O'Carroll@gmail.com;police officer
176;Romona;Montgomery;Romona.Montgomery@yopmail.com;Romona.Montgomery@gmail.com;developer
177;Candy;Laverne;Candy.Laverne@yopmail.com;Candy.Laverne@gmail.com;worker
178;Noelle;Hessler;Noelle.Hessler@yopmail.com;Noelle.Hessler@gmail.com;doctor
179;Carol-Jean;Raul;Carol-Jean.Raul@yopmail.com;Carol-Jean.Raul@gmail.com;developer
180;Karena;Bohlin;Karena.Bohlin@yopmail.com;Karena.Bohlin@gmail.com;worker
181;Sashenka;Baptlsta;Sashenka.Baptlsta@yopmail.com;Sashenka.Baptlsta@gmail.com;doctor
182;Patricia;Ethban;Patricia.Ethban@yopmail.com;Patricia.Ethban@gmail.com;firefighter
183;Belva;Salchunas;Belva.Salchunas@yopmail.com;Belva.Salchunas@gmail.com;developer
184;Ariela;Bertold;Ariela.Bertold@yopmail.com;Ariela.Bertold@gmail.com;police officer
185;Sarette;Lesley;Sarette.Lesley@yopmail.com;Sarette.Lesley@gmail.com;developer
186;Mireielle;Sandye;Mireielle.Sandye@yopmail.com;Mireielle.Sandye@gmail.com;doctor
187;Leontine;Rozanna;Leontine.Rozanna@yopmail.com;Leontine.Rozanna@gmail.com;developer
188;Lory;Jobi;Lory.Jobi@yopmail.com;Lory.Jobi@gmail.com;police officer
189;Kristina;Sheedy;Kristina.Sheedy@yopmail.com;Kristina.Sheedy@gmail.com;developer
190;Shandie;Kosey;Shandie.Kosey@yopmail.com;Shandie.Kosey@gmail.com;firefighter
191;Letizia;Graig;Letizia.Graig@yopmail.com;Letizia.Graig@gmail.com;firefighter
192;Jere;Westphal;Jere.Westphal@yopmail.com;Jere.Westphal@gmail.com;police officer
193;Asia;Amethist;Asia.Amethist@yopmail.com;Asia.Amethist@gmail.com;worker
194;Maridel;Solitta;Maridel.Solitta@yopmail.com;Maridel.Solitta@gmail.com;doctor
195;Tina;Franza;Tina.Franza@yopmail.com;Tina.Franza@gmail.com;worker
196;Belinda;Morrill;Belinda.Morrill@yopmail.com;Belinda.Morrill@gmail.com;police officer
197;Lizzie;Kathie;Lizzie.Kathie@yopmail.com;Lizzie.Kathie@gmail.com;worker
198;Mignon;Christine;Mignon.Christine@yopmail.com;Mignon.Christine@gmail.com;police officer
199;Selia;Holtz;Selia.Holtz@yopmail.com;Selia.Holtz@gmail.com;worker
200;Tybie;Hull;Tybie.Hull@yopmail.com;Tybie.Hull@gmail.com;developer
201;Lauryn;Hylan;Lauryn.Hylan@yopmail.com;Lauryn.Hylan@gmail.com;police officer
202;Pamella;Baudin;Pamella.Baudin@yopmail.com;Pamella.Baudin@gmail.com;doctor
203;Dode;Aurelio;Dode.Aurelio@yopmail.com;Dode.Aurelio@gmail.com;developer
204;Lusa;Kylander;Lusa.Kylander@yopmail.com;Lusa.Kylander@gmail.com;doctor
205;Tori;Ezar;Tori.Ezar@yopmail.com;Tori.Ezar@gmail.com;police officer
206;Neila;Virgin;Neila.Virgin@yopmail.com;Neila.Virgin@gmail.com;developer
207;Glenda;Arley;Glenda.Arley@yopmail.com;Glenda.Arley@gmail.com;doctor
208;Sheree;Arvo;Sheree.Arvo@yopmail.com;Sheree.Arvo@gmail.com;firefighter
209;Belva;Jena;Belva.Jena@yopmail.com;Belva.Jena@gmail.com;police officer
210;Betta;Eldrid;Betta.Eldrid@yopmail.com;Betta.Eldrid@gmail.com;firefighter
211;Carmencita;Afton;Carmencita.Afton@yopmail.com;Carmencita.Afton@gmail.com;doctor
212;Annaliese;Zamora;Annaliese.Zamora@yopmail.com;Annaliese.Zamora@gmail.com;firefighter
213;Mathilda;Artie;Mathilda.Artie@yopmail.com;Mathilda.Artie@gmail.com;firefighter
214;Fayre;Franza;Fayre.Franza@yopmail.com;Fayre.Franza@gmail.com;doctor
215;Kristan;Munn;Kristan.Munn@yopmail.com;Kristan.Munn@gmail.com;police officer
216;Talya;Francyne;Talya.Francyne@yopmail.com;Talya.Francyne@gmail.com;doctor
217;Darlleen;Sharl;Darlleen.Sharl@yopmail.com;Darlleen.Sharl@gmail.com;developer
218;Wendi;Serilda;Wendi.Serilda@yopmail.com;Wendi.Serilda@gmail.com;developer
219;Dode;Claudine;Dode.Claudine@yopmail.com;Dode.Claudine@gmail.com;doctor
220;Odessa;Diann;Odessa.Diann@yopmail.com;Odessa.Diann@gmail.com;police officer
221;Lulita;Gaynor;Lulita.Gaynor@yopmail.com;Lulita.Gaynor@gmail.com;developer
222;Sarette;Orelee;Sarette.Orelee@yopmail.com;Sarette.Orelee@gmail.com;doctor
223;Zia;Norvol;Zia.Norvol@yopmail.com;Zia.Norvol@gmail.com;police officer
224;Camile;Schonfeld;Camile.Schonfeld@yopmail.com;Camile.Schonfeld@gmail.com;developer
225;Sharlene;Louanna;Sharlene.Louanna@yopmail.com;Sharlene.Louanna@gmail.com;doctor
226;Danika;Hachmin;Danika.Hachmin@yopmail.com;Danika.Hachmin@gmail.com;developer
227;Caritta;Mehalek;Caritta.Mehalek@yopmail.com;Caritta.Mehalek@gmail.com;firefighter
228;Tybie;Joeann;Tybie.Joeann@yopmail.com;Tybie.Joeann@gmail.com;worker
229;Cecile;Fiester;Cecile.Fiester@yopmail.com;Cecile.Fiester@gmail.com;police officer
230;Marita;Schlosser;Marita.Schlosser@yopmail.com;Marita.Schlosser@gmail.com;worker
231;Dolli;Fiester;Dolli.Fiester@yopmail.com;Dolli.Fiester@gmail.com;developer
232;Zaria;Plato;Zaria.Plato@yopmail.com;Zaria.Plato@gmail.com;police officer
233;Fanny;Natalia;Fanny.Natalia@yopmail.com;Fanny.Natalia@gmail.com;doctor
234;Zsa Zsa;Boycey;Zsa Zsa.Boycey@yopmail.com;Zsa Zsa.Boycey@gmail.com;doctor
235;Maisey;Emmaline;Maisey.Emmaline@yopmail.com;Maisey.Emmaline@gmail.com;doctor
236;Beth;Longfellow;Beth.Longfellow@yopmail.com;Beth.Longfellow@gmail.com;developer
237;Nelle;Chapland;Nelle.Chapland@yopmail.com;Nelle.Chapland@gmail.com;doctor
238;Letizia;Hollingsworth;Letizia.Hollingsworth@yopmail.com;Letizia.Hollingsworth@gmail.com;firefighter
239;Alleen;Crudden;Alleen.Crudden@yopmail.com;Alleen.Crudden@gmail.com;developer
240;Blinni;Andrel;Blinni.Andrel@yopmail.com;Blinni.Andrel@gmail.com;firefighter
241;Marti;Dawkins;Marti.Dawkins@yopmail.com;Marti.Dawkins@gmail.com;firefighter
242;Felice;Lindemann;Felice.Lindemann@yopmail.com;Felice.Lindemann@gmail.com;developer
243;Leia;Secrest;Leia.Secrest@yopmail.com;Leia.Secrest@gmail.com;doctor
244;Trudie;Ramona;Trudie.Ramona@yopmail.com;Trudie.Ramona@gmail.com;doctor
245;Georgina;Cyrie;Georgina.Cyrie@yopmail.com;Georgina.Cyrie@gmail.com;firefighter
246;Eolanda;Lane;Eolanda.Lane@yopmail.com;Eolanda.Lane@gmail.com;doctor
247;Atlanta;Wittie;Atlanta.Wittie@yopmail.com;Atlanta.Wittie@gmail.com;firefighter
248;Latisha;Yoko;Latisha.Yoko@yopmail.com;Latisha.Yoko@gmail.com;worker
249;Catrina;Dunkin;Catrina.Dunkin@yopmail.com;Catrina.Dunkin@gmail.com;developer
250;Imojean;Erskine;Imojean.Erskine@yopmail.com;Imojean.Erskine@gmail.com;doctor
251;Tierney;Goddard;Tierney.Goddard@yopmail.com;Tierney.Goddard@gmail.com;police officer
252;Brooks;Cloris;Brooks.Cloris@yopmail.com;Brooks.Cloris@gmail.com;doctor
253;Brianna;Raffo;Brianna.Raffo@yopmail.com;Brianna.Raffo@gmail.com;doctor
254;Sibella;Hertzfeld;Sibella.Hertzfeld@yopmail.com;Sibella.Hertzfeld@gmail.com;doctor
255;Tersina;Merriott;Tersina.Merriott@yopmail.com;Tersina.Merriott@gmail.com;worker
256;Fredericka;Hashim;Fredericka.Hashim@yopmail.com;Fredericka.Hashim@gmail.com;developer
257;Ada;Kevon;Ada.Kevon@yopmail.com;Ada.Kevon@gmail.com;developer
258;Maridel;Cleavland;Maridel.Cleavland@yopmail.com;Maridel.Cleavland@gmail.com;doctor
259;Lulita;Pacorro;Lulita.Pacorro@yopmail.com;Lulita.Pacorro@gmail.com;developer
260;Annabela;Wenda;Annabela.Wenda@yopmail.com;Annabela.Wenda@gmail.com;developer
261;Rebeca;Narton;Rebeca.Narton@yopmail.com;Rebeca.Narton@gmail.com;worker
262;Jolyn;Adlare;Jolyn.Adlare@yopmail.com;Jolyn.Adlare@gmail.com;firefighter
263;Corry;Leopold;Corry.Leopold@yopmail.com;Corry.Leopold@gmail.com;developer
264;Theodora;Aida;Theodora.Aida@yopmail.com;Theodora.Aida@gmail.com;worker
265;Zia;Liebermann;Zia.Liebermann@yopmail.com;Zia.Liebermann@gmail.com;developer
266;Hannis;Cressida;Hannis.Cressida@yopmail.com;Hannis.Cressida@gmail.com;worker
267;Jillayne;Ellord;Jillayne.Ellord@yopmail.com;Jillayne.Ellord@gmail.com;developer
268;Deedee;Willie;Deedee.Willie@yopmail.com;Deedee.Willie@gmail.com;worker
269;Nannie;Tyson;Nannie.Tyson@yopmail.com;Nannie.Tyson@gmail.com;doctor
270;Shel;Abbot;Shel.Abbot@yopmail.com;Shel.Abbot@gmail.com;developer
271;Carilyn;Izaak;Carilyn.Izaak@yopmail.com;Carilyn.Izaak@gmail.com;doctor
272;Cyb;Kress;Cyb.Kress@yopmail.com;Cyb.Kress@gmail.com;firefighter
273;Amelia;Dearborn;Amelia.Dearborn@yopmail.com;Amelia.Dearborn@gmail.com;developer
274;Pamella;Rodmann;Pamella.Rodmann@yopmail.com;Pamella.Rodmann@gmail.com;police officer
275;Mildrid;Keelia;Mildrid.Keelia@yopmail.com;Mildrid.Keelia@gmail.com;developer
276;Isa;Eliathas;Isa.Eliathas@yopmail.com;Isa.Eliathas@gmail.com;doctor
277;Madalyn;Lorain;Madalyn.Lorain@yopmail.com;Madalyn.Lorain@gmail.com;developer
278;Lelah;Alice;Lelah.Alice@yopmail.com;Lelah.Alice@gmail.com;worker
279;Danika;Argus;Danika.Argus@yopmail.com;Danika.Argus@gmail.com;worker
280;Dorothy;Lay;Dorothy.Lay@yopmail.com;Dorothy.Lay@gmail.com;doctor
281;Andeee;Wu;Andeee.Wu@yopmail.com;Andeee.Wu@gmail.com;developer
282;Genovera;Persse;Genovera.Persse@yopmail.com;Genovera.Persse@gmail.com;police officer
283;Edyth;Ophelia;Edyth.Ophelia@yopmail.com;Edyth.Ophelia@gmail.com;worker
284;Nariko;Duwalt;Nariko.Duwalt@yopmail.com;Nariko.Duwalt@gmail.com;doctor
285;Marcelline;Hortensia;Marcelline.Hortensia@yopmail.com;Marcelline.Hortensia@gmail.com;developer
286;Kore;Odell;Kore.Odell@yopmail.com;Kore.Odell@gmail.com;doctor
287;Doralynne;Mintz;Doralynne.Mintz@yopmail.com;Doralynne.Mintz@gmail.com;worker
288;Bill;Lanita;Bill.Lanita@yopmail.com;Bill.Lanita@gmail.com;police officer
289;Nikki;Zola;Nikki.Zola@yopmail.com;Nikki.Zola@gmail.com;worker
290;Valera;Trey;Valera.Trey@yopmail.com;Valera.Trey@gmail.com;police officer
291;Christy;Anselmi;Christy.Anselmi@yopmail.com;Christy.Anselmi@gmail.com;firefighter
292;Shel;Wiener;Shel.Wiener@yopmail.com;Shel.Wiener@gmail.com;firefighter
293;Delilah;Torray;Delilah.Torray@yopmail.com;Delilah.Torray@gmail.com;firefighter
294;Roberta;Margret;Roberta.Margret@yopmail.com;Roberta.Margret@gmail.com;developer
295;Elka;Stoller;Elka.Stoller@yopmail.com;Elka.Stoller@gmail.com;firefighter
296;Rani;Hubert;Rani.Hubert@yopmail.com;Rani.Hubert@gmail.com;police officer
297;Rebeca;Kesley;Rebeca.Kesley@yopmail.com;Rebeca.Kesley@gmail.com;police officer
298;Barbi;Drisko;Barbi.Drisko@yopmail.com;Barbi.Drisko@gmail.com;worker
299;Mathilda;Gaspard;Mathilda.Gaspard@yopmail.com;Mathilda.Gaspard@gmail.com;firefighter
300;Sashenka;Allare;Sashenka.Allare@yopmail.com;Sashenka.Allare@gmail.com;developer
301;Leia;Carri;Leia.Carri@yopmail.com;Leia.Carri@gmail.com;developer
302;Eadie;Hurley;Eadie.Hurley@yopmail.com;Eadie.Hurley@gmail.com;firefighter
303;Jere;Lowry;Jere.Lowry@yopmail.com;Jere.Lowry@gmail.com;police officer
304;Beth;Aprile;Beth.Aprile@yopmail.com;Beth.Aprile@gmail.com;developer
305;Charmaine;Hewitt;Charmaine.Hewitt@yopmail.com;Charmaine.Hewitt@gmail.com;firefighter
306;Ezmeralda;Faso;Ezmeralda.Faso@yopmail.com;Ezmeralda.Faso@gmail.com;firefighter
307;Sue;Donoghue;Sue.Donoghue@yopmail.com;Sue.Donoghue@gmail.com;worker
308;Rhea;Si;Rhea.Si@yopmail.com;Rhea.Si@gmail.com;doctor
309;Shaylyn;Zina;Shaylyn.Zina@yopmail.com;Shaylyn.Zina@gmail.com;worker
310;Dyann;Viddah;Dyann.Viddah@yopmail.com;Dyann.Viddah@gmail.com;doctor
311;Loree;Cynar;Loree.Cynar@yopmail.com;Loree.Cynar@gmail.com;firefighter
312;Dorothy;Sekofski;Dorothy.Sekofski@yopmail.com;Dorothy.Sekofski@gmail.com;doctor
313;Bernardine;Ietta;Bernardine.Ietta@yopmail.com;Bernardine.Ietta@gmail.com;developer
314;Zsa Zsa;Nea;Zsa Zsa.Nea@yopmail.com;Zsa Zsa.Nea@gmail.com;developer
315;Carolina;Joachim;Carolina.Joachim@yopmail.com;Carolina.Joachim@gmail.com;police officer
316;Averyl;Keily;Averyl.Keily@yopmail.com;Averyl.Keily@gmail.com;worker
317;Layla;Gaynor;Layla.Gaynor@yopmail.com;Layla.Gaynor@gmail.com;developer
318;Valera;Norvol;Valera.Norvol@yopmail.com;Valera.Norvol@gmail.com;doctor
319;Ardenia;Belldas;Ardenia.Belldas@yopmail.com;Ardenia.Belldas@gmail.com;firefighter
320;Fidelia;Hedve;Fidelia.Hedve@yopmail.com;Fidelia.Hedve@gmail.com;police officer
321;Zsa Zsa;Minetta;Zsa Zsa.Minetta@yopmail.com;Zsa Zsa.Minetta@gmail.com;police officer
322;Gabi;Fancie;Gabi.Fancie@yopmail.com;Gabi.Fancie@gmail.com;firefighter
323;Rozele;Buffum;Rozele.Buffum@yopmail.com;Rozele.Buffum@gmail.com;firefighter
324;Kore;Amethist;Kore.Amethist@yopmail.com;Kore.Amethist@gmail.com;firefighter
325;Monika;Mallon;Monika.Mallon@yopmail.com;Monika.Mallon@gmail.com;firefighter
326;Selia;Cutlerr;Selia.Cutlerr@yopmail.com;Selia.Cutlerr@gmail.com;developer
327;Marsiella;Calhoun;Marsiella.Calhoun@yopmail.com;Marsiella.Calhoun@gmail.com;police officer
328;Dennie;Pattin;Dennie.Pattin@yopmail.com;Dennie.Pattin@gmail.com;developer
329;Catrina;Janene;Catrina.Janene@yopmail.com;Catrina.Janene@gmail.com;developer
330;Corene;Tayib;Corene.Tayib@yopmail.com;Corene.Tayib@gmail.com;worker
331;Vanessa;Bobbee;Vanessa.Bobbee@yopmail.com;Vanessa.Bobbee@gmail.com;doctor
332;Shirlee;Trace;Shirlee.Trace@yopmail.com;Shirlee.Trace@gmail.com;police officer
333;Hollie;Gahl;Hollie.Gahl@yopmail.com;Hollie.Gahl@gmail.com;worker
334;Allyce;Halla;Allyce.Halla@yopmail.com;Allyce.Halla@gmail.com;doctor
335;Norine;Paton;Norine.Paton@yopmail.com;Norine.Paton@gmail.com;doctor
336;Gwenneth;Knowling;Gwenneth.Knowling@yopmail.com;Gwenneth.Knowling@gmail.com;worker
337;Gianina;Sigfrid;Gianina.Sigfrid@yopmail.com;Gianina.Sigfrid@gmail.com;doctor
338;Gertrud;Lunsford;Gertrud.Lunsford@yopmail.com;Gertrud.Lunsford@gmail.com;doctor
339;Lory;Tybald;Lory.Tybald@yopmail.com;Lory.Tybald@gmail.com;worker
340;Karena;Allys;Karena.Allys@yopmail.com;Karena.Allys@gmail.com;doctor
341;Aaren;Eugenia;Aaren.Eugenia@yopmail.com;Aaren.Eugenia@gmail.com;worker
342;Amara;Publia;Amara.Publia@yopmail.com;Amara.Publia@gmail.com;doctor
343;Jennica;Gilmour;Jennica.Gilmour@yopmail.com;Jennica.Gilmour@gmail.com;doctor
344;Natka;Harday;Natka.Harday@yopmail.com;Natka.Harday@gmail.com;firefighter
345;Keelia;Margret;Keelia.Margret@yopmail.com;Keelia.Margret@gmail.com;doctor
346;Alexine;Egbert;Alexine.Egbert@yopmail.com;Alexine.Egbert@gmail.com;police officer
347;Dari;Corrine;Dari.Corrine@yopmail.com;Dari.Corrine@gmail.com;police officer
348;Jessamyn;Saunderson;Jessamyn.Saunderson@yopmail.com;Jessamyn.Saunderson@gmail.com;firefighter
349;Ottilie;Docilla;Ottilie.Docilla@yopmail.com;Ottilie.Docilla@gmail.com;developer
350;Janeczka;Newell;Janeczka.Newell@yopmail.com;Janeczka.Newell@gmail.com;firefighter
351;Modestia;Waite;Modestia.Waite@yopmail.com;Modestia.Waite@gmail.com;doctor
352;Anallese;Toffic;Anallese.Toffic@yopmail.com;Anallese.Toffic@gmail.com;firefighter
353;Janey;Braun;Janey.Braun@yopmail.com;Janey.Braun@gmail.com;firefighter
354;Heida;Bach;Heida.Bach@yopmail.com;Heida.Bach@gmail.com;developer
355;Eolanda;Fiester;Eolanda.Fiester@yopmail.com;Eolanda.Fiester@gmail.com;developer
356;Ricky;Friede;Ricky.Friede@yopmail.com;Ricky.Friede@gmail.com;police officer
357;Jaime;Naashom;Jaime.Naashom@yopmail.com;Jaime.Naashom@gmail.com;developer
358;Marleah;Germann;Marleah.Germann@yopmail.com;Marleah.Germann@gmail.com;police officer
359;Jackie;Lowry;Jackie.Lowry@yopmail.com;Jackie.Lowry@gmail.com;police officer
360;Fanny;Rossner;Fanny.Rossner@yopmail.com;Fanny.Rossner@gmail.com;developer
361;Gilligan;Noam;Gilligan.Noam@yopmail.com;Gilligan.Noam@gmail.com;developer
362;Malina;Adamsen;Malina.Adamsen@yopmail.com;Malina.Adamsen@gmail.com;developer
363;Alameda;Kronfeld;Alameda.Kronfeld@yopmail.com;Alameda.Kronfeld@gmail.com;doctor
364;Therine;Bennie;Therine.Bennie@yopmail.com;Therine.Bennie@gmail.com;doctor
365;Silvana;Ardra;Silvana.Ardra@yopmail.com;Silvana.Ardra@gmail.com;police officer
366;Ruthe;Candy;Ruthe.Candy@yopmail.com;Ruthe.Candy@gmail.com;police officer
367;Lynea;Pierette;Lynea.Pierette@yopmail.com;Lynea.Pierette@gmail.com;firefighter
368;Reeba;Alexandr;Reeba.Alexandr@yopmail.com;Reeba.Alexandr@gmail.com;worker
369;Pamella;Sandye;Pamella.Sandye@yopmail.com;Pamella.Sandye@gmail.com;firefighter
370;Paule;Levey;Paule.Levey@yopmail.com;Paule.Levey@gmail.com;developer
371;Nikki;Adrienne;Nikki.Adrienne@yopmail.com;Nikki.Adrienne@gmail.com;police officer
372;Stephanie;Arley;Stephanie.Arley@yopmail.com;Stephanie.Arley@gmail.com;developer
373;Shannah;Nisbet;Shannah.Nisbet@yopmail.com;Shannah.Nisbet@gmail.com;doctor
374;Marguerite;Fancie;Marguerite.Fancie@yopmail.com;Marguerite.Fancie@gmail.com;police officer
375;Misha;Cressida;Misha.Cressida@yopmail.com;Misha.Cressida@gmail.com;doctor
376;Shel;Cristi;Shel.Cristi@yopmail.com;Shel.Cristi@gmail.com;developer
377;Marline;Astra;Marline.Astra@yopmail.com;Marline.Astra@gmail.com;doctor
378;Sallie;Barrus;Sallie.Barrus@yopmail.com;Sallie.Barrus@gmail.com;worker
379;Brandise;Wadell;Brandise.Wadell@yopmail.com;Brandise.Wadell@gmail.com;firefighter
380;Tressa;Ovid;Tressa.Ovid@yopmail.com;Tressa.Ovid@gmail.com;worker
381;Maryellen;Macey;Maryellen.Macey@yopmail.com;Maryellen.Macey@gmail.com;worker
382;Cordi;Suanne;Cordi.Suanne@yopmail.com;Cordi.Suanne@gmail.com;developer
383;Clementine;Tacye;Clementine.Tacye@yopmail.com;Clementine.Tacye@gmail.com;developer
384;Frieda;Leifeste;Frieda.Leifeste@yopmail.com;Frieda.Leifeste@gmail.com;firefighter
385;Annabela;Dorine;Annabela.Dorine@yopmail.com;Annabela.Dorine@gmail.com;police officer
386;Concettina;Gunn;Concettina.Gunn@yopmail.com;Concettina.Gunn@gmail.com;firefighter
387;Dione;Dituri;Dione.Dituri@yopmail.com;Dione.Dituri@gmail.com;doctor
388;Daune;Daveta;Daune.Daveta@yopmail.com;Daune.Daveta@gmail.com;worker
389;Ardenia;Garrison;Ardenia.Garrison@yopmail.com;Ardenia.Garrison@gmail.com;firefighter
390;Bibby;Bakerman;Bibby.Bakerman@yopmail.com;Bibby.Bakerman@gmail.com;developer
391;Brana;Rosalba;Brana.Rosalba@yopmail.com;Brana.Rosalba@gmail.com;worker
