id	firstname	lastname	email	email2	profession
100	Elora	Trey	Elora.Trey@yopmail.com	Elora.Trey@gmail.com	developer
101	Cristabel	Pauly	Cristabel.Pauly@yopmail.com	Cristabel.Pauly@gmail.com	police officer
102	Jessamyn	Stevy	Jessamyn.Stevy@yopmail.com	Jessamyn.Stevy@gmail.com	developer
103	Ekaterina	Si	Ekaterina.Si@yopmail.com	Ekaterina.Si@gmail.com	firefighter
104	Modestia	Bebe	Modestia.Bebe@yopmail.com	Modestia.Bebe@gmail.com	worker
105	Trixi	Alva	Trixi.Alva@yopmail.com	Trixi.Alva@gmail.com	police officer
106	Carree	Charmine	Carree.Charmine@yopmail.com	Carree.Charmine@gmail.com	developer
107	Verla	Buttaro	Verla.Buttaro@yopmail.com	Verla.Buttaro@gmail.com	developer
108	Jemie	Hachmin	Jemie.Hachmin@yopmail.com	Jemie.Hachmin@gmail.com	developer
109	Livvyy	Ummersen	Livvyy.Ummersen@yopmail.com	Livvyy.Ummersen@gmail.com	police officer
110	Yvonne	Bouchard	Yvonne.Bouchard@yopmail.com	Yvonne.Bouchard@gmail.com	firefighter
111	Latisha	Belanger	Latisha.Belanger@yopmail.com	Latisha.Belanger@gmail.com	developer
112	Carol-Jean	Vins	Carol-Jean.Vins@yopmail.com	Carol-Jean.Vins@gmail.com	firefighter
113	Tilly	Grimbly	Tilly.Grimbly@yopmail.com	Tilly.Grimbly@gmail.com	police officer
114	Joy	Tound	Joy.Tound@yopmail.com	Joy.Tound@gmail.com	police officer
115	Tori	Neva	Tori.Neva@yopmail.com	Tori.Neva@gmail.com	firefighter
116	Viki	Sabella	Viki.Sabella@yopmail.com	Viki.Sabella@gmail.com	worker
117	Karolina	Stanwood	Karolina.Stanwood@yopmail.com	Karolina.Stanwood@gmail.com	firefighter
118	Clary	Montgomery	Clary.Montgomery@yopmail.com	Clary.Montgomery@gmail.com	police officer
119	Sue	Dudley	Sue.Dudley@yopmail.com	Sue.Dudley@gmail.com	police officer
120	Tatiania	Socha	Tatiania.Socha@yopmail.com	Tatiania.Socha@gmail.com	worker
121	Quintina	Carey	Quintina.Carey@yopmail.com	Quintina.Carey@gmail.com	firefighter
122	Perry	Baylor	Perry.Baylor@yopmail.com	Perry.Baylor@gmail.com	worker
123	Carree	Weinreb	Carree.Weinreb@yopmail.com	Carree.Weinreb@gmail.com	worker
124	Jenda	Alva	Jenda.Alva@yopmail.com	Jenda.Alva@gmail.com	doctor
125	Zia	Rad	Zia.Rad@yopmail.com	Zia.Rad@gmail.com	worker
126	Philis	Hedve	Philis.Hedve@yopmail.com	Philis.Hedve@gmail.com	firefighter
127	Halette	Fulmer	Halette.Fulmer@yopmail.com	Halette.Fulmer@gmail.com	doctor
128	Benita	Chesna	Benita.Chesna@yopmail.com	Benita.Chesna@gmail.com	doctor
129	Joleen	Dulciana	Joleen.Dulciana@yopmail.com	Joleen.Dulciana@gmail.com	doctor
130	Karolina	Gordon	Karolina.Gordon@yopmail.com	Karolina.Gordon@gmail.com	doctor
131	Fanny	Wu	Fanny.Wu@yopmail.com	Fanny.Wu@gmail.com	developer
132	Belinda	Henebry	Belinda.Henebry@yopmail.com	Belinda.Henebry@gmail.com	doctor
133	Kenna	Magnolia	Kenna.Magnolia@yopmail.com	Kenna.Magnolia@gmail.com	doctor
134	Chickie	Simmonds	Chickie.Simmonds@yopmail.com	Chickie.Simmonds@gmail.com	police officer
135	Rosabelle	Goth	Rosabelle.Goth@yopmail.com	Rosabelle.Goth@gmail.com	worker
136	Catharine	Mintz	Catharine.Mintz@yopmail.com	Catharine.Mintz@gmail.com	doctor
137	Annaliese	Ursulette	Annaliese.Ursulette@yopmail.com	Annaliese.Ursulette@gmail.com	worker
138	Randa	Beniamino	Randa.Beniamino@yopmail.com	Randa.Beniamino@gmail.com	developer
139	Joelly	Sheng	Joelly.Sheng@yopmail.com	Joelly.Sheng@gmail.com	worker
140	Elmira	Aurelio	Elmira.Aurelio@yopmail.com	Elmira.Aurelio@gmail.com	firefighter
141	Shirlee	Liva	Shirlee.Liva@yopmail.com	Shirlee.Liva@gmail.com	developer
142	Marcelline	Cloris	Marcelline.Cloris@yopmail.com	Marcelline.Cloris@gmail.com	doctor
143	Dania	Tamsky	Dania.Tamsky@yopmail.com	Dania.Tamsky@gmail.com	firefighter
144	Alleen	Doig	Alleen.Doig@yopmail.com	Alleen.Doig@gmail.com	firefighter
145	Agnese	Dosia	Agnese.Dosia@yopmail.com	Agnese.Dosia@gmail.com	police officer
146	Lily	Ciapas	Lily.Ciapas@yopmail.com	Lily.Ciapas@gmail.com	doctor
147	Deirdre	Fredi	Deirdre.Fredi@yopmail.com	Deirdre.Fredi@gmail.com	worker
148	Basia	Vanni	Basia.Vanni@yopmail.com	Basia.Vanni@gmail.com	doctor
149	Tracey	Bashemeth	Tracey.Bashemeth@yopmail.com	Tracey.Bashemeth@gmail.com	police officer
150	Joy	Odysseus	Joy.Odysseus@yopmail.com	Joy.Odysseus@gmail.com	doctor
151	Glenda	Fink	Glenda.Fink@yopmail.com	Glenda.Fink@gmail.com	firefighter
152	Aili	Daveta	Aili.Daveta@yopmail.com	Aili.Daveta@gmail.com	police officer
153	Grier	Rosette	Grier.Rosette@yopmail.com	Grier.Rosette@gmail.com	worker
154	Jillayne	Cordi	Jillayne.Cordi@yopmail.com	Jillayne.Cordi@gmail.com	worker
155	Janis	Goode	Janis.Goode@yopmail.com	Janis.Goode@gmail.com	worker
156	Calla	Bari	Calla.Bari@yopmail.com	Calla.Bari@gmail.com	worker
157	Carol-Jean	Demitria	Carol-Jean.Demitria@yopmail.com	Carol-Jean.Demitria@gmail.com	developer
158	Dione	Soneson	Dione.Soneson@yopmail.com	Dione.Soneson@gmail.com	firefighter
159	Tobe	Hazlett	Tobe.Hazlett@yopmail.com	Tobe.Hazlett@gmail.com	doctor
160	Alameda	Mandler	Alameda.Mandler@yopmail.com	Alameda.Mandler@gmail.com	firefighter
161	Eugine	Maroney	Eugine.Maroney@yopmail.com	Eugine.Maroney@gmail.com	worker
162	Dulcinea	Korey	Dulcinea.Korey@yopmail.com	Dulcinea.Korey@gmail.com	worker
163	Hettie	Melan	Hettie.Melan@yopmail.com	Hettie.Melan@gmail.com	worker
164	Taffy	Brian	Taffy.Brian@yopmail.com	Taffy.Brian@gmail.com	doctor
165	Miquela	Dunkin	Miquela.Dunkin@yopmail.com	Miquela.Dunkin@gmail.com	police officer
166	Flory	Casimir	Flory.Casimir@yopmail.com	Flory.Casimir@gmail.com	firefighter
167	Meriel	Bach	Meriel.Bach@yopmail.com	Meriel.Bach@gmail.com	worker
168	Amara	Louanna	Amara.Louanna@yopmail.com	Amara.Louanna@gmail.com	doctor
169	Eolanda	Yoko	Eolanda.Yoko@yopmail.com	Eolanda.Yoko@gmail.com	police officer
170	Kaja	Orelee	Kaja.Orelee@yopmail.com	Kaja.Orelee@gmail.com	firefighter
171	Tomasina	Truc	Tomasina.Truc@yopmail.com	Tomasina.Truc@gmail.com	police officer
172	Dolli	Ochs	Dolli.Ochs@yopmail.com	Dolli.Ochs@gmail.com	doctor
173	Moyna	Mozelle	Moyna.Mozelle@yopmail.com	Moyna.Mozelle@gmail.com	firefighter
174	Ninnetta	Annice	Ninnetta.Annice@yopmail.com	Ninnetta.Annice@gmail.com	firefighter
175	Brana	Rubie	Brana.Rubie@yopmail.com	Brana.Rubie@gmail.com	developer
176	Constance	Joachim	Constance.Joachim@yopmail.com	Constance.Joachim@gmail.com	developer
177	Donnie	Marlie	Donnie.Marlie@yopmail.com	Donnie.Marlie@gmail.com	firefighter
178	Juliane	Sharl	Juliane.Sharl@yopmail.com	Juliane.Sharl@gmail.com	developer
179	Kerrin	Sheedy	Kerrin.Sheedy@yopmail.com	Kerrin.Sheedy@gmail.com	firefighter
180	Ann-Marie	Dom	Ann-Marie.Dom@yopmail.com	Ann-Marie.Dom@gmail.com	firefighter
181	Nikki	Bigner	Nikki.Bigner@yopmail.com	Nikki.Bigner@gmail.com	police officer
182	Kirstin	Mendez	Kirstin.Mendez@yopmail.com	Kirstin.Mendez@gmail.com	doctor
183	Maud	Goldina	Maud.Goldina@yopmail.com	Maud.Goldina@gmail.com	doctor
184	Moyna	Imelida	Moyna.Imelida@yopmail.com	Moyna.Imelida@gmail.com	firefighter
185	Heida	Kosey	Heida.Kosey@yopmail.com	Heida.Kosey@gmail.com	developer
186	Ariela	Bluh	Ariela.Bluh@yopmail.com	Ariela.Bluh@gmail.com	firefighter
187	Taffy	Hessler	Taffy.Hessler@yopmail.com	Taffy.Hessler@gmail.com	police officer
188	Stacey	Paton	Stacey.Paton@yopmail.com	Stacey.Paton@gmail.com	police officer
189	Tiffie	Gunn	Tiffie.Gunn@yopmail.com	Tiffie.Gunn@gmail.com	doctor
190	Joeann	Carey	Joeann.Carey@yopmail.com	Joeann.Carey@gmail.com	police officer
191	Cacilie	Brady	Cacilie.Brady@yopmail.com	Cacilie.Brady@gmail.com	firefighter
192	Konstance	Avi	Konstance.Avi@yopmail.com	Konstance.Avi@gmail.com	doctor
193	Ricky	Joni	Ricky.Joni@yopmail.com	Ricky.Joni@gmail.com	firefighter
194	Alejandra	Gaspard	Alejandra.Gaspard@yopmail.com	Alejandra.Gaspard@gmail.com	firefighter
195	Brandise	Alcott	Brandise.Alcott@yopmail.com	Brandise.Alcott@gmail.com	worker
196	Tiffie	Mike	Tiffie.Mike@yopmail.com	Tiffie.Mike@gmail.com	worker
197	Constance	Santoro	Constance.Santoro@yopmail.com	Constance.Santoro@gmail.com	firefighter
198	Dulce	Tristram	Dulce.Tristram@yopmail.com	Dulce.Tristram@gmail.com	firefighter
199	Nicoli	Henrie	Nicoli.Henrie@yopmail.com	Nicoli.Henrie@gmail.com	firefighter
200	Eadie	Hirsch	Eadie.Hirsch@yopmail.com	Eadie.Hirsch@gmail.com	police officer
201	Caritta	Marisa	Caritta.Marisa@yopmail.com	Caritta.Marisa@gmail.com	developer
202	Gisela	Goddard	Gisela.Goddard@yopmail.com	Gisela.Goddard@gmail.com	worker
203	Mildrid	Sheng	Mildrid.Sheng@yopmail.com	Mildrid.Sheng@gmail.com	firefighter
204	Gilligan	Georgy	Gilligan.Georgy@yopmail.com	Gilligan.Georgy@gmail.com	doctor
205	Fawne	Reidar	Fawne.Reidar@yopmail.com	Fawne.Reidar@gmail.com	doctor
206	Melanie	Philipp	Melanie.Philipp@yopmail.com	Melanie.Philipp@gmail.com	firefighter
207	Rubie	McNully	Rubie.McNully@yopmail.com	Rubie.McNully@gmail.com	worker
208	Jacquetta	Christine	Jacquetta.Christine@yopmail.com	Jacquetta.Christine@gmail.com	developer
209	Demetris	Wenda	Demetris.Wenda@yopmail.com	Demetris.Wenda@gmail.com	firefighter
210	Gusty	Weaks	Gusty.Weaks@yopmail.com	Gusty.Weaks@gmail.com	developer
211	Christy	Lissi	Christy.Lissi@yopmail.com	Christy.Lissi@gmail.com	worker
212	Lexine	Sundin	Lexine.Sundin@yopmail.com	Lexine.Sundin@gmail.com	firefighter
213	Lita	Noman	Lita.Noman@yopmail.com	Lita.Noman@gmail.com	police officer
214	Margalo	Dimitris	Margalo.Dimitris@yopmail.com	Margalo.Dimitris@gmail.com	doctor
215	Esmeralda	Revkah	Esmeralda.Revkah@yopmail.com	Esmeralda.Revkah@gmail.com	developer
216	Deedee	Maribeth	Deedee.Maribeth@yopmail.com	Deedee.Maribeth@gmail.com	police officer
217	Tierney	Neva	Tierney.Neva@yopmail.com	Tierney.Neva@gmail.com	worker
218	Lucille	Persse	Lucille.Persse@yopmail.com	Lucille.Persse@gmail.com	doctor
219	Janeczka	Chinua	Janeczka.Chinua@yopmail.com	Janeczka.Chinua@gmail.com	doctor
220	Ida	Thunell	Ida.Thunell@yopmail.com	Ida.Thunell@gmail.com	police officer
221	Marcy	Even	Marcy.Even@yopmail.com	Marcy.Even@gmail.com	worker
222	Camile	Honoria	Camile.Honoria@yopmail.com	Camile.Honoria@gmail.com	police officer
223	Myrtice	Berard	Myrtice.Berard@yopmail.com	Myrtice.Berard@gmail.com	doctor
224	Millie	Belanger	Millie.Belanger@yopmail.com	Millie.Belanger@gmail.com	developer
225	Ariela	Nickola	Ariela.Nickola@yopmail.com	Ariela.Nickola@gmail.com	police officer
226	Stevana	Odysseus	Stevana.Odysseus@yopmail.com	Stevana.Odysseus@gmail.com	firefighter
227	Sallie	Felecia	Sallie.Felecia@yopmail.com	Sallie.Felecia@gmail.com	doctor
228	Lacie	Jalbert	Lacie.Jalbert@yopmail.com	Lacie.Jalbert@gmail.com	police officer
229	Catrina	Taam	Catrina.Taam@yopmail.com	Catrina.Taam@gmail.com	police officer
230	Bertine	Llovera	Bertine.Llovera@yopmail.com	Bertine.Llovera@gmail.com	doctor
231	Lolita	Frodi	Lolita.Frodi@yopmail.com	Lolita.Frodi@gmail.com	worker
232	Lacie	Schonfeld	Lacie.Schonfeld@yopmail.com	Lacie.Schonfeld@gmail.com	doctor
233	Laurene	Carbo	Laurene.Carbo@yopmail.com	Laurene.Carbo@gmail.com	doctor
234	Berta	Parette	Berta.Parette@yopmail.com	Berta.Parette@gmail.com	firefighter
235	Yetty	Laverne	Yetty.Laverne@yopmail.com	Yetty.Laverne@gmail.com	police officer
236	Liana	Bluh	Liana.Bluh@yopmail.com	Liana.Bluh@gmail.com	worker
237	Nanete	Garlinda	Nanete.Garlinda@yopmail.com	Nanete.Garlinda@gmail.com	firefighter
238	Donetta	Milson	Donetta.Milson@yopmail.com	Donetta.Milson@gmail.com	developer
239	Emylee	Arvo	Emylee.Arvo@yopmail.com	Emylee.Arvo@gmail.com	police officer
240	Tatiania	Sammons	Tatiania.Sammons@yopmail.com	Tatiania.Sammons@gmail.com	firefighter
241	Adele	Fulmer	Adele.Fulmer@yopmail.com	Adele.Fulmer@gmail.com	police officer
242	Ingrid	Saunderson	Ingrid.Saunderson@yopmail.com	Ingrid.Saunderson@gmail.com	firefighter
243	Jillayne	Gaspard	Jillayne.Gaspard@yopmail.com	Jillayne.Gaspard@gmail.com	developer
244	Stephanie	Avi	Stephanie.Avi@yopmail.com	Stephanie.Avi@gmail.com	doctor
245	Ardys	Seumas	Ardys.Seumas@yopmail.com	Ardys.Seumas@gmail.com	developer
246	Gerianna	Dahlia	Gerianna.Dahlia@yopmail.com	Gerianna.Dahlia@gmail.com	police officer
247	Mariele	Gusella	Mariele.Gusella@yopmail.com	Mariele.Gusella@gmail.com	firefighter
248	Glenda	Zamora	Glenda.Zamora@yopmail.com	Glenda.Zamora@gmail.com	worker
249	Brandise	Sperling	Brandise.Sperling@yopmail.com	Brandise.Sperling@gmail.com	developer
250	Alexine	Parette	Alexine.Parette@yopmail.com	Alexine.Parette@gmail.com	doctor
251	Vanessa	Gunn	Vanessa.Gunn@yopmail.com	Vanessa.Gunn@gmail.com	worker
252	Kirbee	Lilas	Kirbee.Lilas@yopmail.com	Kirbee.Lilas@gmail.com	police officer
253	Jenilee	Bach	Jenilee.Bach@yopmail.com	Jenilee.Bach@gmail.com	developer
254	Alejandra	Ailyn	Alejandra.Ailyn@yopmail.com	Alejandra.Ailyn@gmail.com	police officer
255	Sam	Cath	Sam.Cath@yopmail.com	Sam.Cath@gmail.com	developer
256	Iseabal	Jehu	Iseabal.Jehu@yopmail.com	Iseabal.Jehu@gmail.com	police officer
257	Nollie	Even	Nollie.Even@yopmail.com	Nollie.Even@gmail.com	doctor
258	Ann-Marie	Soneson	Ann-Marie.Soneson@yopmail.com	Ann-Marie.Soneson@gmail.com	police officer
259	Jsandye	Wildermuth	Jsandye.Wildermuth@yopmail.com	Jsandye.Wildermuth@gmail.com	doctor
260	Daune	Mallon	Daune.Mallon@yopmail.com	Daune.Mallon@gmail.com	firefighter
261	Yvonne	Demitria	Yvonne.Demitria@yopmail.com	Yvonne.Demitria@gmail.com	doctor
262	Winifred	Nicoline	Winifred.Nicoline@yopmail.com	Winifred.Nicoline@gmail.com	police officer
263	Josephine	Oscar	Josephine.Oscar@yopmail.com	Josephine.Oscar@gmail.com	doctor
264	Dorothy	Thilda	Dorothy.Thilda@yopmail.com	Dorothy.Thilda@gmail.com	developer
265	Yetty	Kaete	Yetty.Kaete@yopmail.com	Yetty.Kaete@gmail.com	developer
266	Natka	Barbey	Natka.Barbey@yopmail.com	Natka.Barbey@gmail.com	doctor
267	Helena	Voletta	Helena.Voletta@yopmail.com	Helena.Voletta@gmail.com	doctor
268	Winifred	Lubin	Winifred.Lubin@yopmail.com	Winifred.Lubin@gmail.com	police officer
269	Elsie	Moseley	Elsie.Moseley@yopmail.com	Elsie.Moseley@gmail.com	worker
270	Cathyleen	Hutchison	Cathyleen.Hutchison@yopmail.com	Cathyleen.Hutchison@gmail.com	police officer
271	Kalina	Pulsifer	Kalina.Pulsifer@yopmail.com	Kalina.Pulsifer@gmail.com	developer
272	Larine	Fitzsimmons	Larine.Fitzsimmons@yopmail.com	Larine.Fitzsimmons@gmail.com	developer
273	Katharina	Ingra	Katharina.Ingra@yopmail.com	Katharina.Ingra@gmail.com	developer
274	Gwenneth	Means	Gwenneth.Means@yopmail.com	Gwenneth.Means@gmail.com	police officer
275	Kate	Elo	Kate.Elo@yopmail.com	Kate.Elo@gmail.com	firefighter
276	Lindie	Alfons	Lindie.Alfons@yopmail.com	Lindie.Alfons@gmail.com	doctor
277	Luci	Liva	Luci.Liva@yopmail.com	Luci.Liva@gmail.com	worker
278	Cherrita	Ingra	Cherrita.Ingra@yopmail.com	Cherrita.Ingra@gmail.com	worker
279	Jany	Valerio	Jany.Valerio@yopmail.com	Jany.Valerio@gmail.com	developer
280	Gui	Pelagias	Gui.Pelagias@yopmail.com	Gui.Pelagias@gmail.com	developer
281	Romona	Mehalek	Romona.Mehalek@yopmail.com	Romona.Mehalek@gmail.com	doctor
282	Berta	Sherrie	Berta.Sherrie@yopmail.com	Berta.Sherrie@gmail.com	firefighter
283	Janeczka	Faust	Janeczka.Faust@yopmail.com	Janeczka.Faust@gmail.com	worker
284	Paola	Trey	Paola.Trey@yopmail.com	Paola.Trey@gmail.com	firefighter
285	Emelina	Hilbert	Emelina.Hilbert@yopmail.com	Emelina.Hilbert@gmail.com	police officer
286	Norine	Ingra	Norine.Ingra@yopmail.com	Norine.Ingra@gmail.com	worker
287	Yolane	Seligman	Yolane.Seligman@yopmail.com	Yolane.Seligman@gmail.com	firefighter
288	Bobbi	Tillford	Bobbi.Tillford@yopmail.com	Bobbi.Tillford@gmail.com	worker
289	Micheline	Muriel	Micheline.Muriel@yopmail.com	Micheline.Muriel@gmail.com	doctor
290	Trixi	Karl	Trixi.Karl@yopmail.com	Trixi.Karl@gmail.com	doctor
291	Taffy	Hanshaw	Taffy.Hanshaw@yopmail.com	Taffy.Hanshaw@gmail.com	worker
292	Annaliese	Havens	Annaliese.Havens@yopmail.com	Annaliese.Havens@gmail.com	doctor
293	Bernie	Vorster	Bernie.Vorster@yopmail.com	Bernie.Vorster@gmail.com	firefighter
294	Magdalena	Yusuk	Magdalena.Yusuk@yopmail.com	Magdalena.Yusuk@gmail.com	doctor
295	Celene	Matthew	Celene.Matthew@yopmail.com	Celene.Matthew@gmail.com	developer
296	Konstance	Cosenza	Konstance.Cosenza@yopmail.com	Konstance.Cosenza@gmail.com	worker
297	Mady	Rillings	Mady.Rillings@yopmail.com	Mady.Rillings@gmail.com	worker
298	Livvyy	Raama	Livvyy.Raama@yopmail.com	Livvyy.Raama@gmail.com	worker
299	Aimil	Bobbee	Aimil.Bobbee@yopmail.com	Aimil.Bobbee@gmail.com	developer
300	Dione	Cecile	Dione.Cecile@yopmail.com	Dione.Cecile@gmail.com	firefighter
